Workbook

Sheet Datos
A1: fecha_ingreso | B1: Columna1 | C1: Columna2 | D1: dni | E1: nombre | F1: sexo | G1: especialidad | H1: cuadrilla | I1: categoria | J1: telefono | K1: condicion | L1: oficio
A2: 2024-02-01 | B2: 46100 | C2: =DATEDIF(Datos!$A2,Datos!$B2, "m") -> 25 | D2: 46473384 | E2: BOCANGELINO QUISPE, MICHEL | F2: M | I2: OFICIAL II | J2: 958734845 | K2: OBRERO | L2: DRYWALL-DRYWALL
A3: 2024-02-01 | B3: 46100 | C3: =DATEDIF(Datos!$A3,Datos!$B3, "m") -> 25 | D3: 23946320 | E3: CJUNO ALLPACA, ROSA | F3: F | I3: PEON II | J3: 954782913 | K3: OBRERO | L3: CONCRETO-CONCRETO
A4: 2024-02-01 | B4: 46100 | C4: =DATEDIF(Datos!$A4,Datos!$B4, "m") -> 25 | D4: 46927379 | E4: FERNANDEZ MOLINA, YOHEL DAVID | F4: M | I4: OFICIAL II | J4: 983106900 | K4: OBRERO | L4: DRYWALL-DRYWALL
A5: 2024-02-01 | B5: 46100 | C5: =DATEDIF(Datos!$A5,Datos!$B5, "m") -> 25 | D5: 44721474 | E5: ZAMATA PUCYURA, BRAULIO | F5: M | I5: PEON II | J5: 975037039 | K5: OBRERO | L5: GUARDIAN-GUARDIAN
A6: 2024-02-10 | B6: 46100 | C6: =DATEDIF(Datos!$A6,Datos!$B6, "m") -> 25 | D6: 44211561 | E6: OTAZU ORTIZ, WASHINGTON | F6: M | I6: OPERARIO II | J6: 925365987 | K6: OBRERO | L6: CONCRETO-CONCRETO
A7: 2024-02-10 | B7: 46100 | C7: =DATEDIF(Datos!$A7,Datos!$B7, "m") -> 25 | D7: 42308104 | E7: YANA HUILLCA, EXALTACION | F7: M | I7: OPERARIO II | J7: 948109276 | K7: OBRERO | L7: GASFITERIA-GASFITERIA
A8: 2024-05-01 | B8: 46100 | C8: =DATEDIF(Datos!$A8,Datos!$B8, "m") -> 22 | D8: 23835300 | E8: ÑAHUI CHUMBES, FRANCISCO | F8: M | I8: OPERARIO II | J8: 980435524 | K8: OBRERO | L8: CARPINTERO-CARPINTERO
A9: 2024-06-01 | B9: 46100 | C9: =DATEDIF(Datos!$A9,Datos!$B9, "m") -> 21 | D9: 77822340 | E9: DE LA TORRE JIMENEZ, JULINHO JUAN | F9: M | I9: OPERARIO II | J9: 992283527 | K9: OBRERO | L9: SOLDADURA-SOLDADURA
A10: 2024-06-01 | B10: 46100 | C10: =DATEDIF(Datos!$A10,Datos!$B10, "m") -> 21 | D10: 24004763 | E10: PORCEL GUTIERREZ, EDILBERTO | F10: M | I10: OPERARIO II | J10: 925018016 | K10: OBRERO | L10: ENCHAPADO-ENCHAPADO
A11: 2024-06-01 | B11: 46100 | C11: =DATEDIF(Datos!$A11,Datos!$B11, "m") -> 21 | D11: 43899124 | E11: QUIÑONEZ HUILLCA, SORAIDA | F11: F | I11: PEON II | J11: 987540629 | K11: OBRERO | L11: VIGIA-VIGIA
A12: 2024-06-10 | B12: 46100 | C12: =DATEDIF(Datos!$A12,Datos!$B12, "m") -> 21 | D12: 45439429 | E12: MANDURA CRISPIN, MARLENI | F12: F | I12: OFICIAL II | J12: 979359381 | K12: OBRERO | L12: ELECTROMECÁNICO-ELECTROMECÁNICO
A13: 2024-06-16 | B13: 46100 | C13: =DATEDIF(Datos!$A13,Datos!$B13, "m") -> 21 | D13: 24004025 | E13: JARA CHURA, CARLOS ENRIQUE | F13: M | I13: PEON II | J13: 945871523 | K13: OBRERO | L13: GUARDIAN-GUARDIAN
... A503: 2025-12-01 | B503: 46100 | C503: =DATEDIF(Datos!$A503,Datos!$B503, "m") -> 3 | D503: 44536570 | E503: TTITO HUAMANI, DINA | F503: F | I503: OFICIAL II | J503: 929959524 | K503: OBRERO | L503: ENCHAPADO-ENCHAPADO
A504: 2025-12-01 | B504: 46100 | C504: =DATEDIF(Datos!$A504,Datos!$B504, "m") -> 3 | D504: 74147574 | E504: URQUIZO OCHOA, DAYANA ALEJANDRA | F504: F | I504: PEON II | J504: 977863773 | K504: OBRERO | L504: CADISTA-CADISTA
A505: 2025-12-02 | B505: 46100 | C505: =DATEDIF(Datos!$A505,Datos!$B505, "m") -> 3 | D505: 73354600 | E505: HUAMANI VELILLE, MARCO ANTONIO | F505: M | I505: OFICIAL II | J505: 921899369 | K505: OBRERO | L505: TICS-TICS
A506: 2025-12-02 | B506: 46100 | C506: =DATEDIF(Datos!$A506,Datos!$B506, "m") -> 3 | D506: 73883519 | E506: QUISPE LAYME, LUZ ERIKA | F506: F | I506: OFICIAL II | J506: 931831600 | K506: OBRERO | L506: ALMACEN-ALMACEN
A507: 2025-12-02 | B507: 46100 | C507: =DATEDIF(Datos!$A507,Datos!$B507, "m") -> 3 | D507: 70048021 | E507: RUELAS PANTIGOSO, KEVIN JUAN | F507: M | I507: OFICIAL II | J507: 972269433 | K507: OBRERO | L507: ALMACEN-ALMACEN
A508: 2025-12-02 | B508: 46100 | C508: =DATEDIF(Datos!$A508,Datos!$B508, "m") -> 3 | D508: 72724463 | E508: SANTA CRUZ CHACON, DANA NICOL | F508: F | I508: OFICIAL II | J508: 910444505 | K508: OBRERO | L508: ALMACEN-ALMACEN
A509: 2025-12-03 | B509: 46100 | C509: =DATEDIF(Datos!$A509,Datos!$B509, "m") -> 3 | D509: 47197144 | E509: GALLEGOS VITORINO, PAUL EDGAR | F509: M | I509: OFICIAL II | J509: 930247166 | K509: OBRERO | L509: ALMACEN-ALMACEN
A510: 2025-12-03 | B510: 46100 | C510: =DATEDIF(Datos!$A510,Datos!$B510, "m") -> 3 | D510: 48331511 | E510: LAIME ANTITUPA, NAHUN | F510: M | I510: OPERARIO II | J510: 901369683 | K510: OBRERO | L510: SANITARIO-SANITARIO
A511: 2025-12-03 | B511: 46100 | C511: =DATEDIF(Datos!$A511,Datos!$B511, "m") -> 3 | D511: 42609013 | E511: QUISPE CASTRO, ALEX CESAR | F511: M | I511: OPERARIO II | J511: 939057201 | K511: OBRERO | L511: DRYWALL-DRYWALL
A512: 2025-12-03 | B512: 46100 | C512: =DATEDIF(Datos!$A512,Datos!$B512, "m") -> 3 | D512: 73860477 | E512: SILVA MOLLEHUANCA, VICTOR RENZO | F512: M | I512: OFICIAL II | J512: 969378717 | K512: OBRERO | L512: ALMACEN-ALMACEN
A513: 2025-12-04 | B513: 46100 | C513: =DATEDIF(Datos!$A513,Datos!$B513, "m") -> 3 | D513: 77906818 | E513: HUAMAN HUAMAN, DARIO | F513: M | I513: OPERARIO II | J513: 959623013 | K513: OBRERO | L513: SOLDADURA-SOLDADURA
A514: 2025-12-05 | B514: 46100 | C514: =DATEDIF(Datos!$A514,Datos!$B514, "m") -> 3 | D514: 47226882 | E514: AQUICE CHUNCHO, ABEL | F514: M | I514: OFICIAL II | J514: 906519392 | K514: OBRERO | L514: SOLDADURA-SOLDADURA
A515: 2025-12-05 | B515: 46100 | C515: =DATEDIF(Datos!$A515,Datos!$B515, "m") -> 3 | D515: 43316168 | E515: HUAMANI RAMOS, AMILCAR ROBERTO | F515: M | I515: OPERARIO II | J515: 901609110 | K515: OBRERO | L515: SOLDADURA-SOLDADURA
A516: 2025-12-06 | B516: 46100 | C516: =DATEDIF(Datos!$A516,Datos!$B516, "m") -> 3 | D516: 43612784 | E516: LUNA HUAYPAMAYTA, CESAR AUGUSTO | F516: M | I516: OFICIAL II | J516: 974255233 | K516: OBRERO | L516: PINTURA-PINTURA
... A630: 2026-02-06 | B630: 46100 | C630: =DATEDIF(Datos!$A630,Datos!$B630, "m") -> 1 | D630: 77907631 | E630: SANCHEZ RIVERA, SEBASTIAN | F630: M | I630: OFICIAL II | J630: 945438414 | K630: OBRERO | L630: DRYWALL-DRYWALL
A631: 2026-02-07 | B631: 46100 | C631: =DATEDIF(Datos!$A631,Datos!$B631, "m") -> 1 | D631: 72143832 | E631: CCASA QUISPE, DAYANA | F631: F | I631: PEON II | J631: 903059977 | K631: OBRERO | L631: GUARDIAN-GUARDIAN
A632: 2026-02-09 | B632: 46100 | C632: =DATEDIF(Datos!$A632,Datos!$B632, "m") -> 1 | D632: 24805390 | E632: ANCALLA MALDONADO, ADOLFO NIEVES | F632: M | I632: PEON II | J632: 927105263 | K632: OBRERO | L632: VOLANTE DE APOYO-VOLANTE DE APOYO
A633: 2026-02-09 | B633: 46100 | C633: =DATEDIF(Datos!$A633,Datos!$B633, "m") -> 1 | D633: 80206977 | E633: ANGULO TORRES, JUSTO | F633: M | I633: OPERARIO II | J633: 928250215 | K633: OBRERO | L633: DRYWALL-DRYWALL
A634: 2026-02-09 | B634: 46100 | C634: =DATEDIF(Datos!$A634,Datos!$B634, "m") -> 1 | D634: 73662312 | E634: JALLASI CCOYA, CARLITA SONIA | F634: F | I634: PEON II | J634: 970112853 | K634: OBRERO | L634: VOLANTE DE APOYO-VOLANTE DE APOYO
A635: 2026-02-09 | B635: 46100 | C635: =DATEDIF(Datos!$A635,Datos!$B635, "m") -> 1 | D635: 43975778 | E635: SAIRE SOTO, EULALIA | F635: M | I635: PEON II | K635: OBRERO | L635: ENCHAPADO-ENCHAPADO
A636: 2026-02-09 | B636: 46100 | C636: =DATEDIF(Datos!$A636,Datos!$B636, "m") -> 1 | D636: 44735235 | E636: TTITO SUMINA, NOIMI | F636: F | I636: PEON II | J636: 935110922 | K636: OBRERO | L636: ENCHAPADO-ENCHAPADO
A637: 2026-02-09 | B637: 46100 | C637: =DATEDIF(Datos!$A637,Datos!$B637, "m") -> 1 | D637: 25061315 | E637: VILLA DURAN, BERNARDINO | F637: M | I637: OPERARIO II | J637: 962216908 | K637: OBRERO | L637: ALBAÑIL-ALBAÑIL
A638: 2026-02-10 | B638: 46100 | C638: =DATEDIF(Datos!$A638,Datos!$B638, "m") -> 1 | D638: 42210467 | E638: AYERBE VALDIVIA, TANIA | F638: F | I638: PEON II | J638: 962396732 | K638: OBRERO | L638: ALMACEN-ALMACEN
A639: 2026-02-10 | B639: 46100 | C639: =DATEDIF(Datos!$A639,Datos!$B639, "m") -> 1 | D639: 25071931 | E639: BENAVENTE CARRASCO, DIEGO | F639: M | I639: OPERARIO II | J639: 935682321 | K639: OBRERO | L639: SANITARIO-SANITARIO
A640: 2026-02-10 | B640: 46100 | C640: =DATEDIF(Datos!$A640,Datos!$B640, "m") -> 1 | D640: 40205223 | E640: CARAZAS MORMONTOY, EDWIN DARIO | F640: M | I640: PEON II | J640: 964341084 | K640: OBRERO | L640: SANITARIO-SANITARIO
A641: 2026-02-10 | B641: 46100 | C641: =DATEDIF(Datos!$A641,Datos!$B641, "m") -> 1 | D641: 70375400 | E641: HUMPIRE HUAMAN, JOSETH PAOLO | F641: M | I641: OFICIAL II | J641: 953003437 | K641: OBRERO | L641: SANITARIO-SANITARIO
A642: 2026-02-10 | B642: 46100 | C642: =DATEDIF(Datos!$A642,Datos!$B642, "m") -> 1 | D642: 73861815 | E642: LEON HUAMAN, EDWIN RONNY | F642: M | I642: PEON II | J642: 914376759 | K642: OBRERO | L642: SANITARIO-SANITARIO
A643: 2026-02-10 | B643: 46100 | C643: =DATEDIF(Datos!$A643,Datos!$B643, "m") -> 1 | D643: 44294490 | E643: LEVA ROZAS, YOMAR | F643: M | I643: OPERARIO II | J643: 984063363 | K643: OBRERO | L643: DRYWALL-DRYWALL
A644: 2026-02-10 | B644: 46100 | C644: =DATEDIF(Datos!$A644,Datos!$B644, "m") -> 1 | D644: 23932443 | E644: LIMA HUAYACONZA, MARIO | F644: M | I644: OFICIAL II | J644: 993395633 | K644: OBRERO | L644: SANITARIO-SANITARIO
A645: 2026-02-10 | B645: 46100 | C645: =DATEDIF(Datos!$A645,Datos!$B645, "m") -> 1 | D645: 70383282 | E645: RAMOS HUAMAN, RODRIGO | F645: M | I645: OFICIAL II | J645: 965306178 | K645: OBRERO | L645: SANITARIO-SANITARIO
A646: 2026-02-10 | B646: 46100 | C646: =DATEDIF(Datos!$A646,Datos!$B646, "m") -> 1 | D646: 24392630 | E646: SANTA CRUZ ATAU, GREGORIO GOYO | F646: M | I646: OPERARIO II | J646: 935922397 | K646: OBRERO | L646: SANITARIO-SANITARIO
A647: 2026-02-12 | B647: 46100 | C647: =DATEDIF(Datos!$A647,Datos!$B647, "m") -> 1 | D647: 25849452 | E647: ACUÑA JUAREZ, FAUSTINA | F647: F | I647: PEON II | J647: 979278141 | K647: _ | L647: VOLANTE DE APOYO-VOLANTE DE APOYO
... A676: 2026-03-03 | B676: 46100 | C676: =DATEDIF(Datos!$A676,Datos!$B676, "m") -> 0 | D676: 23984318 | E676: MAMANI CRUZ, GREGORIA SOFIA | F676: F | I676: PEON II | J676: 974346262 | K676: OBRERO | L676: MEDIO AMBIENTE-MEDIO AMBIENTE
A677: 2026-03-03 | B677: 46100 | C677: =DATEDIF(Datos!$A677,Datos!$B677, "m") -> 0 | D677: 60457685 | E677: TTUPA AYMA, JHOEL | F677: F | I677: PEON II | K677: _ | L677: VOLANTE DE APOYO-VOLANTE DE APOYO
A678: 2026-03-05 | B678: 46100 | C678: =DATEDIF(Datos!$A678,Datos!$B678, "m") -> 0 | D678: 74936371 | E678: CABEZA CONDORI, YURIÑO | F678: M | I678: OFICIAL II | J678: 926043120 | K678: OBRERO | L678: TICS-TICS
A679: 2026-03-06 | B679: 46100 | C679: =DATEDIF(Datos!$A679,Datos!$B679, "m") -> 0 | D679: 73041048 | E679: MANCCO TTITO, IRVIN | F679: M | I679: PEON II | J679: 928093780 | K679: _ | L679: ELECTRICISTA-ELECTRICISTA
A680: 2026-03-06 | B680: 46100 | C680: =DATEDIF(Datos!$A680,Datos!$B680, "m") -> 0 | D680: 61492682 | E680: TTITO HUASCAR, ADRIEL BALDO | F680: M | I680: PEON II | J680: 931424397 | K680: _ | L680: ELECTRICISTA-ELECTRICISTA
A681: 2026-03-09 | B681: 46100 | C681: =DATEDIF(Datos!$A681,Datos!$B681, "m") -> 0 | D681: 42657506 | E681: CCORIMANYA TTITO, EDWIN | F681: M | I681: PEON II | J681: 973658605 | K681: _ | L681: ARQUEOLOGIA-ARQUEOLOGIA
A682: 2026-03-09 | B682: 46100 | C682: =DATEDIF(Datos!$A682,Datos!$B682, "m") -> 0 | D682: 76639185 | E682: CHAVEZ ANGUIOSA, GILMER | F682: M | I682: PEON II | J682: 957290745 | K682: OBRERO | L682: ELECTRICISTA-ELECTRICISTA
A683: 2026-03-09 | B683: 46100 | C683: =DATEDIF(Datos!$A683,Datos!$B683, "m") -> 0 | D683: 42044562 | E683: MOREANO VALENCIA, FRANCISCO PERCY | F683: M | I683: OPERARIO II | J683: 924884468 | K683: _ | L683: SANITARIO-SANITARIO
A684: 2026-03-09 | B684: 46100 | C684: =DATEDIF(Datos!$A684,Datos!$B684, "m") -> 0 | D684: 42576729 | E684: QUISPE LARA, ARNULFO | F684: M | I684: PEON II | J684: 946731313 | K684: OBRERO | L684: VOLANTE DE ACARREO-VOLANTE DE ACARREO
A685: 2026-03-10 | B685: 46100 | C685: =DATEDIF(Datos!$A685,Datos!$B685, "m") -> 0 | D685: 76185755 | E685: CLEISEN CASTILLO, YORDY MACARIO | F685: M | I685: PEON II | K685: OBRERO | L685: PINTURA-PINTURA
A686: 2026-03-10 | B686: 46100 | C686: =DATEDIF(Datos!$A686,Datos!$B686, "m") -> 0 | D686: 77324356 | E686: HUAMAN QUISPE, BRANDON WILLY | F686: M | I686: PEON II | J686: 942995856 | K686: OBRERO | L686: ELECTROMECÁNICO-ELECTROMECÁNICO
A687: 2026-03-10 | B687: 46100 | C687: =DATEDIF(Datos!$A687,Datos!$B687, "m") -> 0 | D687: 23963699 | E687: HUAMAN VARGAS, DAVID | F687: M | I687: PEON II | J687: 924970466 | K687: OBRERO | L687: ELECTROMECÁNICO-ELECTROMECÁNICO
A688: 2026-03-10 | B688: 46100 | C688: =DATEDIF(Datos!$A688,Datos!$B688, "m") -> 0 | D688: 73421416 | E688: HUILLCA ROQUE, LUIS GUSTAVO | F688: M | I688: OPERARIO II | J688: 941566216 | K688: OBRERO | L688: ---
A689: 2026-03-10 | B689: 46100 | C689: =DATEDIF(Datos!$A689,Datos!$B689, "m") -> 0 | D689: 75486435 | E689: QUISPE ARMAS, LUIS FERNANDO | F689: M | I689: PEON II | J689: 921791118 | K689: OBRERO | L689: ELECTROMECÁNICO-ELECTROMECÁNICO
A690: 2026-03-10 | B690: 46100 | C690: =DATEDIF(Datos!$A690,Datos!$B690, "m") -> 0 | D690: 75457041 | E690: RAMIREZ CHIPA, FRAY MORRIZON | F690: M | I690: PEON II | J690: 956369844 | K690: _ | L690: PINTURA-PINTURA
A691: 2026-03-16 | B691: 46100 | C691: =DATEDIF(Datos!$A691,Datos!$B691, "m") -> 0 | D691: 48051937 | E691: ALEGRIA MENDOZA, YONATHAN | F691: M | I691: PEON II | J691: 974731136 | K691: _ | L691: DRYWALL-DRYWALL
A692: 2026-03-16 | B692: 46100 | C692: =DATEDIF(Datos!$A692,Datos!$B692, "m") -> 0 | D692: 73080830 | E692: ARONI MACHACA, FRANK ERICK | F692: M | I692: PEON II | J692: 951268169 | K692: _ | L692: DRYWALL-DRYWALL
A693: 2026-03-16 | B693: 46100 | C693: =DATEDIF(Datos!$A693,Datos!$B693, "m") -> 0 | D693: 76160774 | E693: CALLAÑAUPA CONDORI, FERNANDO | F693: M | I693: PEON II | J693: 963776307 | K693: _ | L693: DRYWALL-DRYWALL
A694: 2026-03-16 | B694: 46100 | C694: =DATEDIF(Datos!$A694,Datos!$B694, "m") -> 0 | D694: 47624597 | E694: CONZA OJEDA, ABEL | F694: M | I694: OPERARIO II | J694: 9498682073 | K694: _ | L694: DRYWALL-DRYWALL
A695: 2026-03-16 | B695: 46100 | C695: =DATEDIF(Datos!$A695,Datos!$B695, "m") -> 0 | D695: 71588964 | E695: QUISPE HUILLCA, ABRAHAM | F695: M | I695: OFICIAL II | J695: 915394286 | K695: _ | L695: ---
A696: 2026-03-16 | B696: 46100 | C696: =DATEDIF(Datos!$A696,Datos!$B696, "m") -> 0 | D696: 25134829 | E696: QUISPE PERCCA, ASCENCIO | F696: M | I696: PEON II | J696: 968182964 | K696: _ | L696: ENCHAPADO-ENCHAPADO
A697: 2026-03-16 | B697: 46100 | C697: =DATEDIF(Datos!$A697,Datos!$B697, "m") -> 0 | D697: 45095767 | E697: VILLALTA SANTA CRUZ, GIOVANI JOSEPT | F697: M | I697: PEON II | J697: 923490084 | K697: _ | L697: DRYWALL-DRYWALL
B698: 46100 | C698: =DATEDIF(Datos!$A698,Datos!$B698, "m") -> 1514 | D698: 43725113 | E698: APARICIO SALON, EDGAR | F698: M | I698: OFICIAL II | J698: 953774950 | K698: OBRERO | L698: TOPOGRAFO-TOPOGRAFO
B699: 46100 | C699: =DATEDIF(Datos!$A699,Datos!$B699, "m") -> 1514 | D699: 71945802 | E699: BACA CCORAHUA, HANUN JAASIEL | F699: M | I699: OFICIAL II | J699: 95117264 | K699: OBRERO | L699: TICS-TICS
B700: 46100 | C700: =DATEDIF(Datos!$A700,Datos!$B700, "m") -> 1514 | D700: 43405403 | E700: BAEZ QUISPE, DARIO | F700: M | I700: OPERARIO II | J700: 951793031 | K700: OBRERO | L700: TOPOGRAFO-TOPOGRAFO
B701: 46100 | C701: =DATEDIF(Datos!$A701,Datos!$B701, "m") -> 1514 | D701: 40090563 | E701: BAUTISTA QUISPE, WILSON | F701: M | I701: OPERARIO II | J701: 974291803 | K701: OBRERO | L701: TARRAJEO-TARRAJEO
B702: 46100 | C702: =DATEDIF(Datos!$A702,Datos!$B702, "m") -> 1514 | D702: 23981865 | E702: BEJAR CHAUCA, SERGIO | F702: F | I702: PEON II | J702: 984153882 | K702: OBRERO | L702: ELECTROMECÁNICO-ELECTROMECÁNICO
B703: 46100 | C703: =DATEDIF(Datos!$A703,Datos!$B703, "m") -> 1514 | D703: 43745329 | E703: CALLAPIÑA CONDORI, YOLINA | F703: F | I703: OFICIAL II | J703: 930875415 | K703: OBRERO | L703: ANDAMIOS-ANDAMIOS
B704: 46100 | C704: =DATEDIF(Datos!$A704,Datos!$B704, "m") -> 1514 | D704: 71219452 | E704: CARO ELAEZ, MICAELA | F704: F | I704: PEON II | J704: 944495624 | K704: OBRERO | L704: TOPOGRAFO-TOPOGRAFO
B705: 46100 | C705: =DATEDIF(Datos!$A705,Datos!$B705, "m") -> 1514 | D705: 46689466 | E705: CARRILLO HUARI, YURI | F705: M | I705: OPERARIO II | J705: 926400002 | K705: OBRERO | L705: SANITARIO-SANITARIO
B706: 46100 | C706: =DATEDIF(Datos!$A706,Datos!$B706, "m") -> 1514 | D706: 48767785 | E706: CENCHO AQUINO, GERSHON STALIN | F706: M | I706: PEON II | J706: 961227445 | K706: _ | L706: ELECTROMECÁNICO-ELECTROMECÁNICO
B707: 46100 | C707: =DATEDIF(Datos!$A707,Datos!$B707, "m") -> 1514 | D707: 44992923 | E707: CHILLIHUANI LUNA, MARCELINO | F707: M | I707: OPERARIO II | J707: 958241112 | K707: OBRERO | L707: TOPOGRAFO-TOPOGRAFO
B708: 46100 | C708: =DATEDIF(Datos!$A708,Datos!$B708, "m") -> 1514 | D708: 44040688 | E708: COLQUE SENCIA, ELIAZAR | F708: M | I708: PEON II | J708: 984433377 | K708: OBRERO | L708: VOLANTE DE APOYO-VOLANTE DE APOYO
B709: 46100 | C709: =DATEDIF(Datos!$A709,Datos!$B709, "m") -> 1514 | D709: 40170561 | E709: CONDORI GALLEGOS, ERWIN | F709: M | I709: PEON II | J709: 900147301 | K709: _ | L709: ENCHAPADO-ENCHAPADO
... B773: 46100 | C773: =DATEDIF(Datos!$A773,Datos!$B773, "m") -> 1514 | D773: 62307899 | E773: ZUÑIGA QUIÑO, CRISTHIAN JENNER | F773: M | I773: OPERARIO II | J773: 964323974 | K773: OBRERO | L773: DRYWALL-DRYWALL
